Date,Description,Amount,Category,Account Name,Transaction Type
01/01/2023,Grocery Shopping,-1140,Entertainment,Credit Card,Withdrawal
02/01/2023,Clothing Purchase,3390,Utilities,Credit Card,Deposit
03/01/2023,Monthly Rent,3226,Utilities,Credit Card,Deposit
04/01/2023,Movies,3191,Salary,Checking Account,Deposit
05/01/2023,Doctor Visit,1772,Shopping,Savings Account,Deposit
06/01/2023,Stock Investment,1092,Utilities,Credit Card,Deposit
07/01/2023,Grocery Shopping,3734,Rent,Savings Account,Deposit
08/01/2023,Monthly Rent,-1534,Investment,Savings Account,Withdrawal
09/01/2023,Movies,3334,Food,Credit Card,Deposit
10/01/2023,Salary Payment,2426,Shopping,Credit Card,Deposit
11/01/2023,Doctor Visit,3578,Rent,Savings Account,Deposit
12/01/2023,Grocery Shopping,1444,Transportation,Credit Card,Deposit
13/01/2023,Bus Fare,1171,Utilities,Savings Account,Deposit
14/01/2023,Salary Payment,919,Utilities,Savings Account,Deposit
15/01/2023,Monthly Rent,-1870,Entertainment,Credit Card,Withdrawal
16/01/2023,Grocery Shopping,-315,Rent,Checking Account,Withdrawal
17/01/2023,Salary Payment,-1231,Entertainment,Credit Card,Withdrawal
18/01/2023,Doctor Visit,391,Salary,Checking Account,Deposit
19/01/2023,Bus Fare,3611,Entertainment,Savings Account,Deposit
20/01/2023,Salary Payment,433,Salary,Savings Account,Deposit
21/01/2023,Electricity Bill,3311,Salary,Checking Account,Deposit
22/01/2023,Bus Fare,3051,Utilities,Savings Account,Deposit
23/01/2023,Monthly Rent,-816,Transportation,Checking Account,Withdrawal
24/01/2023,Doctor Visit,2555,Entertainment,Checking Account,Deposit
25/01/2023,Stock Investment,1385,Rent,Savings Account,Deposit
26/01/2023,Stock Investment,2117,Salary,Checking Account,Deposit
27/01/2023,Stock Investment,2843,Utilities,Credit Card,Deposit
28/01/2023,Grocery Shopping,904,Food,Credit Card,Deposit
29/01/2023,Monthly Rent,-1526,Shopping,Savings Account,Withdrawal
30/01/2023,Doctor Visit,-918,Transportation,Savings Account,Withdrawal
31/01/2023,Bus Fare,558,Healthcare,Checking Account,Deposit
01/02/2023,Grocery Shopping,47,Food,Checking Account,Deposit
02/02/2023,Monthly Rent,747,Shopping,Checking Account,Deposit
03/02/2023,Electricity Bill,-1025,Food,Checking Account,Withdrawal
04/02/2023,Doctor Visit,-194,Entertainment,Credit Card,Withdrawal
05/02/2023,Stock Investment,-1811,Salary,Credit Card,Withdrawal
06/02/2023,Salary Payment,734,Transportation,Savings Account,Deposit
07/02/2023,Doctor Visit,1005,Investment,Checking Account,Deposit
08/02/2023,Clothing Purchase,2658,Salary,Checking Account,Deposit
09/02/2023,Monthly Rent,-101,Investment,Savings Account,Withdrawal
10/02/2023,Movies,-733,Shopping,Checking Account,Withdrawal
11/02/2023,Electricity Bill,-472,Utilities,Checking Account,Withdrawal
12/02/2023,Doctor Visit,1202,Healthcare,Checking Account,Deposit
13/02/2023,Movies,1556,Rent,Checking Account,Deposit
14/02/2023,Clothing Purchase,1890,Salary,Checking Account,Deposit
15/02/2023,Bus Fare,-1354,Transportation,Savings Account,Withdrawal
16/02/2023,Salary Payment,888,Food,Checking Account,Deposit
17/02/2023,Movies,3393,Transportation,Savings Account,Deposit
18/02/2023,Monthly Rent,435,Shopping,Checking Account,Deposit
19/02/2023,Stock Investment,-1400,Investment,Credit Card,Withdrawal
20/02/2023,Clothing Purchase,363,Food,Credit Card,Deposit
21/02/2023,Salary Payment,61,Rent,Credit Card,Deposit
22/02/2023,Electricity Bill,-1759,Rent,Credit Card,Withdrawal
23/02/2023,Stock Investment,41,Salary,Savings Account,Deposit
24/02/2023,Doctor Visit,824,Shopping,Savings Account,Deposit
25/02/2023,Movies,612,Utilities,Checking Account,Deposit
26/02/2023,Salary Payment,-637,Shopping,Credit Card,Withdrawal
27/02/2023,Grocery Shopping,3486,Investment,Savings Account,Deposit
28/02/2023,Bus Fare,-522,Transportation,Checking Account,Withdrawal
01/03/2023,Bus Fare,556,Rent,Checking Account,Deposit
02/03/2023,Clothing Purchase,-1225,Transportation,Savings Account,Withdrawal
03/03/2023,Electricity Bill,2014,Transportation,Credit Card,Deposit
04/03/2023,Clothing Purchase,-1966,Transportation,Checking Account,Withdrawal
05/03/2023,Grocery Shopping,1152,Rent,Credit Card,Deposit
06/03/2023,Monthly Rent,-45,Entertainment,Credit Card,Withdrawal
07/03/2023,Electricity Bill,-415,Investment,Credit Card,Withdrawal
08/03/2023,Monthly Rent,1943,Investment,Checking Account,Deposit
09/03/2023,Electricity Bill,1073,Food,Credit Card,Deposit
10/03/2023,Electricity Bill,-979,Shopping,Checking Account,Withdrawal
11/03/2023,Grocery Shopping,1461,Shopping,Credit Card,Deposit
12/03/2023,Doctor Visit,613,Healthcare,Checking Account,Deposit
13/03/2023,Grocery Shopping,3225,Shopping,Credit Card,Deposit
14/03/2023,Electricity Bill,1843,Rent,Savings Account,Deposit
15/03/2023,Salary Payment,-500,Utilities,Credit Card,Withdrawal
16/03/2023,Monthly Rent,2798,Salary,Credit Card,Deposit
17/03/2023,Grocery Shopping,3675,Healthcare,Checking Account,Deposit
18/03/2023,Doctor Visit,-1839,Salary,Checking Account,Withdrawal
19/03/2023,Movies,2297,Investment,Credit Card,Deposit
20/03/2023,Clothing Purchase,-19,Salary,Savings Account,Withdrawal
21/03/2023,Electricity Bill,-1005,Salary,Savings Account,Withdrawal
22/03/2023,Movies,2911,Healthcare,Checking Account,Deposit
23/03/2023,Bus Fare,1342,Food,Savings Account,Deposit
24/03/2023,Stock Investment,2551,Transportation,Credit Card,Deposit
25/03/2023,Doctor Visit,1798,Shopping,Checking Account,Deposit
26/03/2023,Stock Investment,-725,Shopping,Credit Card,Withdrawal
27/03/2023,Doctor Visit,-984,Rent,Checking Account,Withdrawal
28/03/2023,Salary Payment,-1663,Healthcare,Checking Account,Withdrawal
29/03/2023,Clothing Purchase,-1122,Rent,Checking Account,Withdrawal
30/03/2023,Movies,-924,Utilities,Checking Account,Withdrawal
31/03/2023,Monthly Rent,2887,Utilities,Savings Account,Deposit
01/04/2023,Doctor Visit,1993,Rent,Credit Card,Deposit
02/04/2023,Monthly Rent,2859,Healthcare,Credit Card,Deposit
03/04/2023,Clothing Purchase,-1621,Rent,Credit Card,Withdrawal
04/04/2023,Electricity Bill,-1508,Shopping,Checking Account,Withdrawal
05/04/2023,Bus Fare,3276,Entertainment,Savings Account,Deposit
06/04/2023,Movies,62,Salary,Credit Card,Deposit
07/04/2023,Clothing Purchase,1884,Entertainment,Savings Account,Deposit
08/04/2023,Clothing Purchase,-1936,Healthcare,Checking Account,Withdrawal
09/04/2023,Salary Payment,568,Entertainment,Credit Card,Deposit
10/04/2023,Stock Investment,3463,Utilities,Savings Account,Deposit
11/04/2023,Bus Fare,3248,Investment,Checking Account,Deposit
12/04/2023,Movies,27,Salary,Savings Account,Deposit
13/04/2023,Electricity Bill,695,Transportation,Credit Card,Deposit
14/04/2023,Electricity Bill,-505,Healthcare,Credit Card,Withdrawal
15/04/2023,Grocery Shopping,3258,Salary,Checking Account,Deposit
16/04/2023,Clothing Purchase,3618,Entertainment,Checking Account,Deposit
17/04/2023,Doctor Visit,-1609,Utilities,Checking Account,Withdrawal
18/04/2023,Salary Payment,3794,Food,Savings Account,Deposit
19/04/2023,Bus Fare,2514,Transportation,Savings Account,Deposit
20/04/2023,Electricity Bill,2474,Salary,Savings Account,Deposit
21/04/2023,Movies,3892,Utilities,Checking Account,Deposit
22/04/2023,Grocery Shopping,1561,Utilities,Credit Card,Deposit
23/04/2023,Movies,278,Entertainment,Credit Card,Deposit
24/04/2023,Salary Payment,1099,Shopping,Savings Account,Deposit
25/04/2023,Doctor Visit,-1800,Entertainment,Savings Account,Withdrawal
26/04/2023,Grocery Shopping,3959,Shopping,Credit Card,Deposit
27/04/2023,Grocery Shopping,2875,Shopping,Credit Card,Deposit
28/04/2023,Stock Investment,1104,Transportation,Savings Account,Deposit
29/04/2023,Bus Fare,2598,Entertainment,Savings Account,Deposit
30/04/2023,Grocery Shopping,454,Food,Credit Card,Deposit
01/05/2023,Stock Investment,1645,Rent,Checking Account,Deposit
02/05/2023,Stock Investment,3847,Rent,Savings Account,Deposit
03/05/2023,Salary Payment,-1196,Entertainment,Credit Card,Withdrawal
04/05/2023,Monthly Rent,731,Entertainment,Credit Card,Deposit
05/05/2023,Movies,3991,Transportation,Credit Card,Deposit
06/05/2023,Doctor Visit,773,Entertainment,Credit Card,Deposit
07/05/2023,Movies,-430,Shopping,Checking Account,Withdrawal
08/05/2023,Grocery Shopping,3056,Utilities,Credit Card,Deposit
09/05/2023,Doctor Visit,3581,Utilities,Savings Account,Deposit
10/05/2023,Electricity Bill,690,Shopping,Checking Account,Deposit
11/05/2023,Monthly Rent,1840,Healthcare,Credit Card,Deposit
12/05/2023,Electricity Bill,-972,Shopping,Checking Account,Withdrawal
13/05/2023,Electricity Bill,-1498,Food,Savings Account,Withdrawal
14/05/2023,Bus Fare,2493,Investment,Credit Card,Deposit
15/05/2023,Movies,-1130,Salary,Savings Account,Withdrawal
16/05/2023,Salary Payment,2488,Shopping,Credit Card,Deposit
17/05/2023,Electricity Bill,-1794,Entertainment,Credit Card,Withdrawal
18/05/2023,Grocery Shopping,3134,Entertainment,Credit Card,Deposit
19/05/2023,Monthly Rent,3977,Transportation,Credit Card,Deposit
20/05/2023,Clothing Purchase,-516,Shopping,Credit Card,Withdrawal
21/05/2023,Electricity Bill,-1137,Transportation,Checking Account,Withdrawal
22/05/2023,Monthly Rent,790,Shopping,Credit Card,Deposit
23/05/2023,Doctor Visit,-1437,Salary,Credit Card,Withdrawal
24/05/2023,Movies,3116,Investment,Checking Account,Deposit
25/05/2023,Stock Investment,2191,Utilities,Checking Account,Deposit
26/05/2023,Bus Fare,-243,Rent,Checking Account,Withdrawal
27/05/2023,Monthly Rent,-322,Shopping,Checking Account,Withdrawal
28/05/2023,Grocery Shopping,1242,Investment,Checking Account,Deposit
29/05/2023,Grocery Shopping,2636,Utilities,Checking Account,Deposit
30/05/2023,Monthly Rent,-941,Healthcare,Credit Card,Withdrawal
31/05/2023,Grocery Shopping,3279,Salary,Credit Card,Deposit
01/06/2023,Movies,-278,Transportation,Savings Account,Withdrawal
02/06/2023,Grocery Shopping,1314,Transportation,Credit Card,Deposit
03/06/2023,Stock Investment,1157,Entertainment,Credit Card,Deposit
04/06/2023,Grocery Shopping,3915,Utilities,Checking Account,Deposit
05/06/2023,Stock Investment,625,Healthcare,Checking Account,Deposit
06/06/2023,Electricity Bill,729,Investment,Credit Card,Deposit
07/06/2023,Salary Payment,-403,Salary,Savings Account,Withdrawal
08/06/2023,Movies,1060,Utilities,Checking Account,Deposit
09/06/2023,Salary Payment,693,Healthcare,Credit Card,Deposit
10/06/2023,Electricity Bill,2891,Rent,Credit Card,Deposit
11/06/2023,Movies,3147,Shopping,Savings Account,Deposit
12/06/2023,Monthly Rent,3739,Transportation,Savings Account,Deposit
13/06/2023,Monthly Rent,1627,Investment,Checking Account,Deposit
14/06/2023,Stock Investment,-637,Transportation,Savings Account,Withdrawal
15/06/2023,Electricity Bill,-19,Investment,Credit Card,Withdrawal
16/06/2023,Stock Investment,3450,Entertainment,Credit Card,Deposit
17/06/2023,Bus Fare,-337,Investment,Savings Account,Withdrawal
18/06/2023,Grocery Shopping,-471,Transportation,Savings Account,Withdrawal
19/06/2023,Clothing Purchase,38,Investment,Savings Account,Deposit
20/06/2023,Bus Fare,3592,Rent,Savings Account,Deposit
21/06/2023,Grocery Shopping,1302,Entertainment,Checking Account,Deposit
22/06/2023,Movies,237,Investment,Savings Account,Deposit
23/06/2023,Stock Investment,3504,Utilities,Checking Account,Deposit
24/06/2023,Movies,3496,Food,Credit Card,Deposit
25/06/2023,Movies,-694,Healthcare,Savings Account,Withdrawal
26/06/2023,Grocery Shopping,2029,Food,Checking Account,Deposit
27/06/2023,Electricity Bill,675,Food,Savings Account,Deposit
28/06/2023,Grocery Shopping,3068,Salary,Credit Card,Deposit
29/06/2023,Doctor Visit,3864,Rent,Credit Card,Deposit
30/06/2023,Monthly Rent,-718,Utilities,Credit Card,Withdrawal
01/07/2023,Monthly Rent,-1291,Shopping,Savings Account,Withdrawal
02/07/2023,Bus Fare,3575,Investment,Savings Account,Deposit
03/07/2023,Monthly Rent,3530,Healthcare,Checking Account,Deposit
04/07/2023,Grocery Shopping,2744,Entertainment,Credit Card,Deposit
05/07/2023,Stock Investment,2413,Utilities,Savings Account,Deposit
06/07/2023,Grocery Shopping,1748,Transportation,Credit Card,Deposit
07/07/2023,Grocery Shopping,3353,Shopping,Credit Card,Deposit
08/07/2023,Clothing Purchase,2779,Salary,Checking Account,Deposit
09/07/2023,Stock Investment,-1337,Salary,Checking Account,Withdrawal
10/07/2023,Doctor Visit,-2,Utilities,Checking Account,Withdrawal
11/07/2023,Monthly Rent,1445,Food,Checking Account,Deposit
12/07/2023,Stock Investment,1743,Transportation,Credit Card,Deposit
13/07/2023,Monthly Rent,3727,Salary,Checking Account,Deposit
14/07/2023,Bus Fare,-505,Healthcare,Checking Account,Withdrawal
15/07/2023,Stock Investment,1304,Salary,Checking Account,Deposit
16/07/2023,Monthly Rent,1763,Entertainment,Checking Account,Deposit
17/07/2023,Doctor Visit,3232,Investment,Credit Card,Deposit
18/07/2023,Salary Payment,-147,Salary,Checking Account,Withdrawal
19/07/2023,Movies,3616,Entertainment,Credit Card,Deposit
20/07/2023,Movies,2659,Utilities,Savings Account,Deposit
21/07/2023,Doctor Visit,-709,Utilities,Credit Card,Withdrawal
22/07/2023,Clothing Purchase,1581,Shopping,Credit Card,Deposit
23/07/2023,Salary Payment,1457,Salary,Checking Account,Deposit
24/07/2023,Bus Fare,-364,Healthcare,Savings Account,Withdrawal
25/07/2023,Doctor Visit,1696,Salary,Savings Account,Deposit
26/07/2023,Movies,999,Healthcare,Savings Account,Deposit
27/07/2023,Movies,1152,Rent,Savings Account,Deposit
28/07/2023,Movies,-1302,Shopping,Credit Card,Withdrawal
29/07/2023,Electricity Bill,160,Rent,Savings Account,Deposit
30/07/2023,Doctor Visit,2097,Salary,Credit Card,Deposit
31/07/2023,Grocery Shopping,2737,Shopping,Credit Card,Deposit
01/08/2023,Bus Fare,3685,Rent,Credit Card,Deposit
02/08/2023,Movies,-1146,Food,Savings Account,Withdrawal
03/08/2023,Monthly Rent,3855,Salary,Checking Account,Deposit
04/08/2023,Doctor Visit,1474,Rent,Checking Account,Deposit
05/08/2023,Electricity Bill,3757,Food,Savings Account,Deposit
06/08/2023,Doctor Visit,3249,Food,Checking Account,Deposit
07/08/2023,Bus Fare,3172,Utilities,Checking Account,Deposit
08/08/2023,Electricity Bill,-293,Salary,Credit Card,Withdrawal
09/08/2023,Bus Fare,777,Food,Credit Card,Deposit
10/08/2023,Doctor Visit,3791,Utilities,Savings Account,Deposit
11/08/2023,Grocery Shopping,-267,Rent,Savings Account,Withdrawal
12/08/2023,Bus Fare,3535,Entertainment,Checking Account,Deposit
13/08/2023,Electricity Bill,2931,Salary,Credit Card,Deposit
14/08/2023,Electricity Bill,1510,Shopping,Savings Account,Deposit
15/08/2023,Bus Fare,-1798,Healthcare,Savings Account,Withdrawal
16/08/2023,Doctor Visit,1255,Healthcare,Savings Account,Deposit
17/08/2023,Clothing Purchase,2218,Rent,Savings Account,Deposit
18/08/2023,Doctor Visit,2496,Rent,Savings Account,Deposit
19/08/2023,Bus Fare,-1234,Food,Savings Account,Withdrawal
20/08/2023,Salary Payment,2389,Salary,Checking Account,Deposit
21/08/2023,Bus Fare,327,Healthcare,Credit Card,Deposit
22/08/2023,Grocery Shopping,931,Healthcare,Credit Card,Deposit
23/08/2023,Bus Fare,-1803,Food,Savings Account,Withdrawal
24/08/2023,Bus Fare,-70,Healthcare,Credit Card,Withdrawal
25/08/2023,Grocery Shopping,1582,Shopping,Credit Card,Deposit
26/08/2023,Bus Fare,-1392,Salary,Credit Card,Withdrawal
27/08/2023,Movies,1272,Investment,Savings Account,Deposit
28/08/2023,Salary Payment,-853,Healthcare,Savings Account,Withdrawal
29/08/2023,Monthly Rent,2282,Rent,Credit Card,Deposit
30/08/2023,Salary Payment,1397,Shopping,Credit Card,Deposit
31/08/2023,Bus Fare,511,Healthcare,Savings Account,Deposit
01/09/2023,Movies,-206,Shopping,Checking Account,Withdrawal
02/09/2023,Doctor Visit,-1341,Utilities,Credit Card,Withdrawal
03/09/2023,Bus Fare,811,Investment,Checking Account,Deposit
04/09/2023,Movies,-631,Transportation,Credit Card,Withdrawal
05/09/2023,Grocery Shopping,-14,Rent,Checking Account,Withdrawal
06/09/2023,Movies,3630,Rent,Checking Account,Deposit
07/09/2023,Grocery Shopping,-1854,Salary,Checking Account,Withdrawal
08/09/2023,Clothing Purchase,1219,Shopping,Savings Account,Deposit
09/09/2023,Monthly Rent,911,Food,Checking Account,Deposit
10/09/2023,Stock Investment,-266,Rent,Checking Account,Withdrawal
11/09/2023,Movies,-157,Shopping,Checking Account,Withdrawal
12/09/2023,Electricity Bill,-1512,Shopping,Credit Card,Withdrawal
13/09/2023,Bus Fare,976,Entertainment,Checking Account,Deposit
14/09/2023,Salary Payment,-41,Entertainment,Credit Card,Withdrawal
15/09/2023,Stock Investment,3759,Transportation,Checking Account,Deposit
16/09/2023,Salary Payment,385,Utilities,Checking Account,Deposit
17/09/2023,Clothing Purchase,919,Transportation,Savings Account,Deposit
18/09/2023,Stock Investment,2736,Healthcare,Credit Card,Deposit
19/09/2023,Stock Investment,-198,Food,Checking Account,Withdrawal
20/09/2023,Salary Payment,3534,Healthcare,Credit Card,Deposit
21/09/2023,Grocery Shopping,2061,Healthcare,Credit Card,Deposit
22/09/2023,Salary Payment,1369,Salary,Savings Account,Deposit
23/09/2023,Grocery Shopping,3730,Healthcare,Savings Account,Deposit
24/09/2023,Clothing Purchase,-1738,Transportation,Savings Account,Withdrawal
25/09/2023,Bus Fare,3883,Rent,Savings Account,Deposit
26/09/2023,Doctor Visit,-1377,Rent,Savings Account,Withdrawal
27/09/2023,Grocery Shopping,-984,Entertainment,Savings Account,Withdrawal
28/09/2023,Clothing Purchase,1643,Food,Savings Account,Deposit
29/09/2023,Electricity Bill,2976,Food,Savings Account,Deposit
30/09/2023,Clothing Purchase,49,Salary,Checking Account,Deposit
01/10/2023,Salary Payment,3423,Transportation,Credit Card,Deposit
02/10/2023,Salary Payment,1723,Entertainment,Savings Account,Deposit
03/10/2023,Doctor Visit,2548,Food,Savings Account,Deposit
04/10/2023,Clothing Purchase,1108,Rent,Credit Card,Deposit
05/10/2023,Monthly Rent,3279,Healthcare,Checking Account,Deposit
06/10/2023,Bus Fare,2090,Healthcare,Credit Card,Deposit
07/10/2023,Salary Payment,56,Entertainment,Credit Card,Deposit
08/10/2023,Doctor Visit,1170,Transportation,Savings Account,Deposit
09/10/2023,Bus Fare,-318,Transportation,Credit Card,Withdrawal
10/10/2023,Clothing Purchase,255,Utilities,Credit Card,Deposit
11/10/2023,Clothing Purchase,-846,Investment,Savings Account,Withdrawal
12/10/2023,Stock Investment,2499,Food,Savings Account,Deposit
13/10/2023,Doctor Visit,1191,Transportation,Savings Account,Deposit
14/10/2023,Salary Payment,-304,Rent,Savings Account,Withdrawal
15/10/2023,Monthly Rent,1991,Entertainment,Credit Card,Deposit
16/10/2023,Clothing Purchase,2723,Utilities,Credit Card,Deposit
17/10/2023,Monthly Rent,2682,Shopping,Checking Account,Deposit
18/10/2023,Clothing Purchase,-352,Salary,Checking Account,Withdrawal
19/10/2023,Salary Payment,3539,Shopping,Credit Card,Deposit
20/10/2023,Bus Fare,-555,Healthcare,Checking Account,Withdrawal
21/10/2023,Movies,2199,Salary,Credit Card,Deposit
22/10/2023,Bus Fare,1923,Food,Checking Account,Deposit
23/10/2023,Clothing Purchase,-1747,Rent,Savings Account,Withdrawal
24/10/2023,Movies,1183,Salary,Checking Account,Deposit
25/10/2023,Movies,557,Investment,Savings Account,Deposit
26/10/2023,Monthly Rent,3592,Shopping,Savings Account,Deposit
27/10/2023,Doctor Visit,-1902,Food,Savings Account,Withdrawal
28/10/2023,Monthly Rent,200,Investment,Savings Account,Deposit
29/10/2023,Monthly Rent,3980,Healthcare,Checking Account,Deposit
30/10/2023,Bus Fare,961,Investment,Credit Card,Deposit
31/10/2023,Bus Fare,2973,Utilities,Savings Account,Deposit
01/11/2023,Electricity Bill,2433,Utilities,Checking Account,Deposit
02/11/2023,Clothing Purchase,1777,Entertainment,Savings Account,Deposit
03/11/2023,Electricity Bill,869,Food,Checking Account,Deposit
04/11/2023,Salary Payment,1234,Healthcare,Checking Account,Deposit
05/11/2023,Clothing Purchase,1791,Transportation,Checking Account,Deposit
06/11/2023,Clothing Purchase,-1044,Utilities,Credit Card,Withdrawal
07/11/2023,Stock Investment,3800,Food,Checking Account,Deposit
08/11/2023,Stock Investment,2067,Transportation,Checking Account,Deposit
09/11/2023,Grocery Shopping,-1840,Entertainment,Credit Card,Withdrawal
10/11/2023,Grocery Shopping,3699,Investment,Credit Card,Deposit
11/11/2023,Monthly Rent,2493,Utilities,Checking Account,Deposit
12/11/2023,Salary Payment,-700,Food,Credit Card,Withdrawal
13/11/2023,Movies,2911,Salary,Savings Account,Deposit
14/11/2023,Movies,1987,Transportation,Savings Account,Deposit
15/11/2023,Stock Investment,-473,Investment,Credit Card,Withdrawal
16/11/2023,Stock Investment,3511,Utilities,Credit Card,Deposit
17/11/2023,Stock Investment,3254,Healthcare,Checking Account,Deposit
18/11/2023,Doctor Visit,-782,Transportation,Credit Card,Withdrawal
19/11/2023,Grocery Shopping,2496,Utilities,Checking Account,Deposit
20/11/2023,Bus Fare,2735,Transportation,Savings Account,Deposit
21/11/2023,Movies,1104,Investment,Credit Card,Deposit
22/11/2023,Clothing Purchase,735,Utilities,Checking Account,Deposit
23/11/2023,Grocery Shopping,2555,Shopping,Checking Account,Deposit
24/11/2023,Electricity Bill,-1046,Food,Savings Account,Withdrawal
25/11/2023,Bus Fare,2565,Investment,Credit Card,Deposit
26/11/2023,Grocery Shopping,1446,Transportation,Savings Account,Deposit
27/11/2023,Salary Payment,-955,Healthcare,Checking Account,Withdrawal
28/11/2023,Clothing Purchase,-307,Salary,Checking Account,Withdrawal
29/11/2023,Grocery Shopping,1436,Transportation,Credit Card,Deposit
30/11/2023,Doctor Visit,-1438,Food,Checking Account,Withdrawal
01/12/2023,Stock Investment,485,Utilities,Credit Card,Deposit
02/12/2023,Stock Investment,3895,Salary,Savings Account,Deposit
03/12/2023,Clothing Purchase,1354,Rent,Credit Card,Deposit
04/12/2023,Stock Investment,-1775,Transportation,Credit Card,Withdrawal
05/12/2023,Grocery Shopping,2893,Entertainment,Checking Account,Deposit
06/12/2023,Electricity Bill,-1041,Rent,Checking Account,Withdrawal
07/12/2023,Movies,3600,Transportation,Credit Card,Deposit
08/12/2023,Movies,2548,Shopping,Checking Account,Deposit
09/12/2023,Bus Fare,1067,Entertainment,Checking Account,Deposit
10/12/2023,Monthly Rent,-1185,Salary,Checking Account,Withdrawal
11/12/2023,Salary Payment,2754,Healthcare,Credit Card,Deposit
12/12/2023,Clothing Purchase,2642,Shopping,Checking Account,Deposit
13/12/2023,Bus Fare,3311,Rent,Credit Card,Deposit
14/12/2023,Monthly Rent,1120,Utilities,Checking Account,Deposit
15/12/2023,Doctor Visit,-1984,Food,Savings Account,Withdrawal
16/12/2023,Doctor Visit,-757,Healthcare,Checking Account,Withdrawal
17/12/2023,Salary Payment,205,Shopping,Checking Account,Deposit
18/12/2023,Stock Investment,524,Utilities,Credit Card,Deposit
19/12/2023,Grocery Shopping,-931,Utilities,Credit Card,Withdrawal
20/12/2023,Bus Fare,1444,Transportation,Checking Account,Deposit
21/12/2023,Bus Fare,565,Shopping,Savings Account,Deposit
22/12/2023,Clothing Purchase,3864,Salary,Checking Account,Deposit
23/12/2023,Clothing Purchase,-940,Entertainment,Checking Account,Withdrawal
24/12/2023,Doctor Visit,327,Entertainment,Savings Account,Deposit
25/12/2023,Doctor Visit,1420,Rent,Credit Card,Deposit
26/12/2023,Electricity Bill,-1699,Rent,Checking Account,Withdrawal
27/12/2023,Electricity Bill,2276,Entertainment,Credit Card,Deposit
28/12/2023,Stock Investment,-1394,Salary,Credit Card,Withdrawal
29/12/2023,Electricity Bill,1170,Food,Savings Account,Deposit
30/12/2023,Grocery Shopping,-1301,Investment,Savings Account,Withdrawal
31/12/2023,Grocery Shopping,3088,Food,Credit Card,Deposit
01/01/2024,Bus Fare,-861,Transportation,Checking Account,Withdrawal
02/01/2024,Movies,-1810,Investment,Credit Card,Withdrawal
03/01/2024,Grocery Shopping,300,Investment,Checking Account,Deposit
04/01/2024,Monthly Rent,-1020,Shopping,Checking Account,Withdrawal
05/01/2024,Doctor Visit,975,Salary,Savings Account,Deposit
06/01/2024,Clothing Purchase,-816,Salary,Checking Account,Withdrawal
07/01/2024,Electricity Bill,1327,Investment,Checking Account,Deposit
08/01/2024,Bus Fare,1394,Shopping,Credit Card,Deposit
09/01/2024,Salary Payment,-1873,Investment,Savings Account,Withdrawal
10/01/2024,Clothing Purchase,65,Healthcare,Checking Account,Deposit
11/01/2024,Monthly Rent,-184,Rent,Checking Account,Withdrawal
12/01/2024,Electricity Bill,3854,Rent,Savings Account,Deposit
13/01/2024,Monthly Rent,-1431,Food,Credit Card,Withdrawal
14/01/2024,Doctor Visit,3442,Transportation,Savings Account,Deposit
15/01/2024,Doctor Visit,-105,Rent,Savings Account,Withdrawal
16/01/2024,Stock Investment,733,Utilities,Checking Account,Deposit
17/01/2024,Bus Fare,1863,Food,Checking Account,Deposit
18/01/2024,Clothing Purchase,2721,Rent,Credit Card,Deposit
19/01/2024,Clothing Purchase,2014,Transportation,Checking Account,Deposit
20/01/2024,Salary Payment,901,Salary,Checking Account,Deposit
21/01/2024,Bus Fare,-314,Salary,Savings Account,Withdrawal
22/01/2024,Monthly Rent,1009,Investment,Checking Account,Deposit
23/01/2024,Salary Payment,-1846,Healthcare,Credit Card,Withdrawal
24/01/2024,Movies,537,Salary,Savings Account,Deposit
25/01/2024,Clothing Purchase,-591,Shopping,Credit Card,Withdrawal
26/01/2024,Monthly Rent,2057,Rent,Savings Account,Deposit
27/01/2024,Grocery Shopping,-1216,Shopping,Checking Account,Withdrawal
28/01/2024,Stock Investment,1175,Transportation,Savings Account,Deposit
29/01/2024,Bus Fare,2341,Salary,Savings Account,Deposit
30/01/2024,Doctor Visit,3596,Healthcare,Checking Account,Deposit
31/01/2024,Grocery Shopping,3801,Transportation,Checking Account,Deposit
01/02/2024,Stock Investment,806,Utilities,Credit Card,Deposit
02/02/2024,Stock Investment,-1463,Utilities,Credit Card,Withdrawal
03/02/2024,Movies,3986,Shopping,Checking Account,Deposit
04/02/2024,Movies,-159,Investment,Checking Account,Withdrawal
05/02/2024,Electricity Bill,3016,Food,Checking Account,Deposit
06/02/2024,Electricity Bill,455,Investment,Savings Account,Deposit
07/02/2024,Salary Payment,-1476,Investment,Savings Account,Withdrawal
08/02/2024,Stock Investment,3625,Healthcare,Savings Account,Deposit
09/02/2024,Grocery Shopping,950,Salary,Checking Account,Deposit
10/02/2024,Bus Fare,2131,Healthcare,Credit Card,Deposit
11/02/2024,Stock Investment,2780,Transportation,Checking Account,Deposit
12/02/2024,Movies,2115,Utilities,Savings Account,Deposit
13/02/2024,Monthly Rent,368,Healthcare,Savings Account,Deposit
14/02/2024,Doctor Visit,1847,Transportation,Checking Account,Deposit
15/02/2024,Electricity Bill,2495,Healthcare,Checking Account,Deposit
16/02/2024,Clothing Purchase,701,Investment,Savings Account,Deposit
17/02/2024,Monthly Rent,-1029,Rent,Savings Account,Withdrawal
18/02/2024,Bus Fare,-834,Shopping,Savings Account,Withdrawal
19/02/2024,Movies,3211,Food,Checking Account,Deposit
20/02/2024,Movies,2929,Healthcare,Savings Account,Deposit
21/02/2024,Movies,3919,Food,Savings Account,Deposit
22/02/2024,Clothing Purchase,774,Entertainment,Credit Card,Deposit
23/02/2024,Electricity Bill,-18,Healthcare,Checking Account,Withdrawal
24/02/2024,Monthly Rent,-1147,Rent,Credit Card,Withdrawal
25/02/2024,Bus Fare,2146,Food,Credit Card,Deposit
26/02/2024,Electricity Bill,1736,Healthcare,Savings Account,Deposit
27/02/2024,Bus Fare,1769,Salary,Checking Account,Deposit
28/02/2024,Electricity Bill,-1426,Shopping,Savings Account,Withdrawal
29/02/2024,Clothing Purchase,1261,Rent,Checking Account,Deposit
01/03/2024,Doctor Visit,-852,Food,Credit Card,Withdrawal
02/03/2024,Bus Fare,-285,Rent,Checking Account,Withdrawal
03/03/2024,Electricity Bill,2777,Transportation,Savings Account,Deposit
04/03/2024,Movies,2933,Shopping,Savings Account,Deposit
05/03/2024,Stock Investment,1854,Healthcare,Savings Account,Deposit
06/03/2024,Movies,3173,Healthcare,Checking Account,Deposit
07/03/2024,Salary Payment,491,Healthcare,Credit Card,Deposit
08/03/2024,Doctor Visit,660,Shopping,Credit Card,Deposit
09/03/2024,Doctor Visit,1124,Salary,Checking Account,Deposit
10/03/2024,Movies,3691,Entertainment,Savings Account,Deposit
11/03/2024,Monthly Rent,1051,Utilities,Credit Card,Deposit
12/03/2024,Clothing Purchase,-1996,Investment,Savings Account,Withdrawal
13/03/2024,Bus Fare,3222,Food,Checking Account,Deposit
14/03/2024,Doctor Visit,3315,Salary,Savings Account,Deposit
15/03/2024,Movies,2869,Food,Credit Card,Deposit
16/03/2024,Movies,-1124,Healthcare,Credit Card,Withdrawal
17/03/2024,Clothing Purchase,-1009,Rent,Savings Account,Withdrawal
18/03/2024,Clothing Purchase,2142,Food,Checking Account,Deposit
19/03/2024,Grocery Shopping,2364,Healthcare,Savings Account,Deposit
20/03/2024,Grocery Shopping,2465,Food,Checking Account,Deposit
21/03/2024,Monthly Rent,-1365,Rent,Savings Account,Withdrawal
22/03/2024,Monthly Rent,3225,Healthcare,Credit Card,Deposit
23/03/2024,Salary Payment,-307,Entertainment,Checking Account,Withdrawal
24/03/2024,Monthly Rent,-318,Salary,Checking Account,Withdrawal
25/03/2024,Electricity Bill,2752,Transportation,Checking Account,Deposit
26/03/2024,Clothing Purchase,-1881,Investment,Credit Card,Withdrawal
27/03/2024,Electricity Bill,-1170,Shopping,Savings Account,Withdrawal
28/03/2024,Bus Fare,3906,Investment,Credit Card,Deposit
29/03/2024,Movies,1675,Investment,Checking Account,Deposit
30/03/2024,Monthly Rent,3177,Healthcare,Savings Account,Deposit
31/03/2024,Movies,-631,Entertainment,Credit Card,Withdrawal
01/04/2024,Doctor Visit,-1260,Transportation,Checking Account,Withdrawal
02/04/2024,Salary Payment,-1884,Salary,Checking Account,Withdrawal
03/04/2024,Doctor Visit,3949,Salary,Credit Card,Deposit
04/04/2024,Salary Payment,838,Rent,Credit Card,Deposit
05/04/2024,Grocery Shopping,-850,Shopping,Credit Card,Withdrawal
06/04/2024,Movies,-69,Food,Checking Account,Withdrawal
07/04/2024,Salary Payment,-988,Entertainment,Credit Card,Withdrawal
08/04/2024,Stock Investment,-336,Food,Checking Account,Withdrawal
09/04/2024,Electricity Bill,-919,Transportation,Credit Card,Withdrawal
10/04/2024,Salary Payment,2729,Investment,Checking Account,Deposit
11/04/2024,Salary Payment,-1488,Salary,Checking Account,Withdrawal
12/04/2024,Electricity Bill,849,Transportation,Savings Account,Deposit
13/04/2024,Movies,3215,Investment,Credit Card,Deposit
14/04/2024,Movies,3237,Salary,Credit Card,Deposit
15/04/2024,Electricity Bill,-1441,Investment,Checking Account,Withdrawal
16/04/2024,Doctor Visit,1672,Shopping,Checking Account,Deposit
17/04/2024,Stock Investment,2583,Entertainment,Checking Account,Deposit
18/04/2024,Bus Fare,2992,Transportation,Savings Account,Deposit
19/04/2024,Stock Investment,1343,Transportation,Savings Account,Deposit
20/04/2024,Movies,3308,Utilities,Checking Account,Deposit
21/04/2024,Grocery Shopping,2070,Healthcare,Credit Card,Deposit
22/04/2024,Monthly Rent,2799,Shopping,Credit Card,Deposit
23/04/2024,Salary Payment,-530,Shopping,Savings Account,Withdrawal
24/04/2024,Electricity Bill,-1420,Food,Savings Account,Withdrawal
25/04/2024,Electricity Bill,294,Investment,Checking Account,Deposit
26/04/2024,Salary Payment,1147,Healthcare,Credit Card,Deposit
27/04/2024,Monthly Rent,2249,Entertainment,Checking Account,Deposit
28/04/2024,Bus Fare,-321,Entertainment,Savings Account,Withdrawal
29/04/2024,Monthly Rent,1506,Shopping,Credit Card,Deposit
30/04/2024,Monthly Rent,3092,Entertainment,Credit Card,Deposit
01/05/2024,Monthly Rent,744,Utilities,Savings Account,Deposit
02/05/2024,Bus Fare,1356,Transportation,Checking Account,Deposit
03/05/2024,Bus Fare,2045,Rent,Checking Account,Deposit
04/05/2024,Movies,-757,Food,Credit Card,Withdrawal
05/05/2024,Salary Payment,3188,Investment,Savings Account,Deposit
06/05/2024,Bus Fare,1118,Investment,Credit Card,Deposit
07/05/2024,Bus Fare,3104,Salary,Savings Account,Deposit
08/05/2024,Movies,141,Rent,Checking Account,Deposit
09/05/2024,Electricity Bill,3869,Shopping,Savings Account,Deposit
10/05/2024,Movies,3053,Utilities,Checking Account,Deposit
11/05/2024,Doctor Visit,1059,Transportation,Savings Account,Deposit
12/05/2024,Doctor Visit,2548,Transportation,Credit Card,Deposit
13/05/2024,Grocery Shopping,3323,Utilities,Checking Account,Deposit
14/05/2024,Monthly Rent,959,Healthcare,Credit Card,Deposit
15/05/2024,Salary Payment,265,Salary,Credit Card,Deposit
16/05/2024,Clothing Purchase,479,Investment,Checking Account,Deposit
17/05/2024,Stock Investment,2646,Rent,Checking Account,Deposit
18/05/2024,Movies,-365,Entertainment,Credit Card,Withdrawal
19/05/2024,Electricity Bill,3408,Salary,Credit Card,Deposit
20/05/2024,Stock Investment,-243,Rent,Credit Card,Withdrawal
21/05/2024,Electricity Bill,2452,Food,Credit Card,Deposit
22/05/2024,Stock Investment,70,Food,Checking Account,Deposit
23/05/2024,Movies,3881,Salary,Checking Account,Deposit
24/05/2024,Clothing Purchase,3877,Shopping,Credit Card,Deposit
25/05/2024,Stock Investment,849,Rent,Savings Account,Deposit
26/05/2024,Movies,1251,Rent,Savings Account,Deposit
27/05/2024,Bus Fare,1730,Utilities,Checking Account,Deposit
28/05/2024,Clothing Purchase,489,Shopping,Credit Card,Deposit
29/05/2024,Electricity Bill,-369,Investment,Credit Card,Withdrawal
30/05/2024,Doctor Visit,816,Investment,Checking Account,Deposit
31/05/2024,Monthly Rent,-985,Entertainment,Savings Account,Withdrawal
01/06/2024,Doctor Visit,-652,Transportation,Savings Account,Withdrawal
02/06/2024,Clothing Purchase,2611,Food,Savings Account,Deposit
03/06/2024,Electricity Bill,1087,Investment,Checking Account,Deposit
04/06/2024,Stock Investment,839,Shopping,Savings Account,Deposit
05/06/2024,Electricity Bill,-1665,Rent,Checking Account,Withdrawal
06/06/2024,Stock Investment,3878,Investment,Checking Account,Deposit
07/06/2024,Movies,2592,Rent,Credit Card,Deposit
08/06/2024,Clothing Purchase,-1105,Investment,Savings Account,Withdrawal
09/06/2024,Movies,1546,Food,Checking Account,Deposit
10/06/2024,Grocery Shopping,-1149,Investment,Savings Account,Withdrawal
11/06/2024,Stock Investment,-313,Shopping,Savings Account,Withdrawal
12/06/2024,Bus Fare,-69,Investment,Credit Card,Withdrawal
13/06/2024,Movies,1746,Transportation,Savings Account,Deposit
14/06/2024,Grocery Shopping,427,Food,Credit Card,Deposit
15/06/2024,Salary Payment,-432,Shopping,Checking Account,Withdrawal
16/06/2024,Doctor Visit,2000,Utilities,Savings Account,Deposit
17/06/2024,Electricity Bill,3052,Shopping,Checking Account,Deposit
18/06/2024,Grocery Shopping,738,Transportation,Savings Account,Deposit
19/06/2024,Clothing Purchase,1498,Food,Checking Account,Deposit
20/06/2024,Movies,3732,Utilities,Savings Account,Deposit
21/06/2024,Clothing Purchase,3387,Transportation,Savings Account,Deposit
22/06/2024,Doctor Visit,3536,Transportation,Savings Account,Deposit
23/06/2024,Bus Fare,3287,Salary,Savings Account,Deposit
24/06/2024,Clothing Purchase,1913,Food,Savings Account,Deposit
25/06/2024,Stock Investment,-934,Shopping,Savings Account,Withdrawal
26/06/2024,Bus Fare,2380,Rent,Savings Account,Deposit
27/06/2024,Bus Fare,444,Rent,Savings Account,Deposit
28/06/2024,Grocery Shopping,2107,Shopping,Savings Account,Deposit
29/06/2024,Bus Fare,3726,Shopping,Checking Account,Deposit
30/06/2024,Monthly Rent,1373,Food,Credit Card,Deposit
01/07/2024,Doctor Visit,1969,Shopping,Savings Account,Deposit
02/07/2024,Bus Fare,546,Salary,Credit Card,Deposit
03/07/2024,Clothing Purchase,-1247,Utilities,Savings Account,Withdrawal
04/07/2024,Salary Payment,82,Shopping,Savings Account,Deposit
05/07/2024,Monthly Rent,774,Rent,Checking Account,Deposit
06/07/2024,Monthly Rent,896,Shopping,Checking Account,Deposit
07/07/2024,Stock Investment,2185,Salary,Credit Card,Deposit
08/07/2024,Bus Fare,-1225,Investment,Checking Account,Withdrawal
09/07/2024,Stock Investment,-375,Investment,Checking Account,Withdrawal
10/07/2024,Stock Investment,1069,Transportation,Credit Card,Deposit
11/07/2024,Salary Payment,-1583,Entertainment,Checking Account,Withdrawal
12/07/2024,Grocery Shopping,-1886,Utilities,Savings Account,Withdrawal
13/07/2024,Bus Fare,-1384,Healthcare,Credit Card,Withdrawal
14/07/2024,Movies,1974,Transportation,Credit Card,Deposit
15/07/2024,Stock Investment,1267,Investment,Savings Account,Deposit
16/07/2024,Doctor Visit,-1175,Rent,Checking Account,Withdrawal
17/07/2024,Electricity Bill,3745,Healthcare,Credit Card,Deposit
18/07/2024,Doctor Visit,-484,Transportation,Credit Card,Withdrawal
19/07/2024,Salary Payment,1146,Healthcare,Savings Account,Deposit
20/07/2024,Salary Payment,-1588,Food,Savings Account,Withdrawal
21/07/2024,Clothing Purchase,-1272,Entertainment,Checking Account,Withdrawal
22/07/2024,Grocery Shopping,1348,Food,Credit Card,Deposit
23/07/2024,Stock Investment,808,Healthcare,Checking Account,Deposit
24/07/2024,Doctor Visit,-1325,Food,Checking Account,Withdrawal
25/07/2024,Electricity Bill,1465,Salary,Savings Account,Deposit
26/07/2024,Salary Payment,3988,Investment,Credit Card,Deposit
27/07/2024,Salary Payment,504,Salary,Credit Card,Deposit
28/07/2024,Grocery Shopping,967,Shopping,Credit Card,Deposit
29/07/2024,Electricity Bill,786,Food,Savings Account,Deposit
30/07/2024,Electricity Bill,-878,Shopping,Savings Account,Withdrawal
31/07/2024,Grocery Shopping,2079,Rent,Savings Account,Deposit
01/08/2024,Salary Payment,-429,Utilities,Savings Account,Withdrawal
02/08/2024,Bus Fare,3073,Rent,Savings Account,Deposit
03/08/2024,Bus Fare,3104,Healthcare,Credit Card,Deposit
04/08/2024,Grocery Shopping,143,Investment,Checking Account,Deposit
05/08/2024,Electricity Bill,-313,Food,Credit Card,Withdrawal
06/08/2024,Stock Investment,2132,Transportation,Checking Account,Deposit
07/08/2024,Grocery Shopping,1851,Utilities,Savings Account,Deposit
08/08/2024,Grocery Shopping,1440,Entertainment,Checking Account,Deposit
09/08/2024,Monthly Rent,1766,Entertainment,Credit Card,Deposit
10/08/2024,Doctor Visit,3644,Entertainment,Credit Card,Deposit
11/08/2024,Electricity Bill,326,Food,Checking Account,Deposit
12/08/2024,Clothing Purchase,914,Entertainment,Savings Account,Deposit
13/08/2024,Clothing Purchase,2968,Salary,Savings Account,Deposit
14/08/2024,Electricity Bill,3917,Utilities,Credit Card,Deposit
15/08/2024,Monthly Rent,3392,Salary,Checking Account,Deposit
16/08/2024,Monthly Rent,1952,Utilities,Savings Account,Deposit
17/08/2024,Salary Payment,-1405,Salary,Savings Account,Withdrawal
18/08/2024,Doctor Visit,3999,Utilities,Credit Card,Deposit
19/08/2024,Bus Fare,-1272,Shopping,Savings Account,Withdrawal
20/08/2024,Movies,-635,Food,Checking Account,Withdrawal
21/08/2024,Movies,2492,Food,Credit Card,Deposit
22/08/2024,Movies,-1302,Entertainment,Credit Card,Withdrawal
23/08/2024,Electricity Bill,3731,Rent,Checking Account,Deposit
24/08/2024,Clothing Purchase,-1605,Entertainment,Credit Card,Withdrawal
25/08/2024,Clothing Purchase,2171,Healthcare,Savings Account,Deposit
26/08/2024,Bus Fare,2360,Salary,Savings Account,Deposit
27/08/2024,Electricity Bill,502,Utilities,Checking Account,Deposit
28/08/2024,Movies,-181,Rent,Savings Account,Withdrawal
29/08/2024,Stock Investment,-1283,Healthcare,Checking Account,Withdrawal
30/08/2024,Clothing Purchase,782,Food,Checking Account,Deposit
31/08/2024,Salary Payment,2946,Food,Savings Account,Deposit
01/09/2024,Grocery Shopping,1577,Entertainment,Checking Account,Deposit
02/09/2024,Stock Investment,3486,Salary,Savings Account,Deposit
03/09/2024,Clothing Purchase,-1857,Rent,Credit Card,Withdrawal
04/09/2024,Monthly Rent,2980,Investment,Credit Card,Deposit
05/09/2024,Clothing Purchase,1140,Healthcare,Checking Account,Deposit
06/09/2024,Salary Payment,2491,Healthcare,Savings Account,Deposit
07/09/2024,Movies,938,Entertainment,Savings Account,Deposit
08/09/2024,Monthly Rent,3588,Food,Credit Card,Deposit
09/09/2024,Electricity Bill,1636,Entertainment,Credit Card,Deposit
10/09/2024,Doctor Visit,1222,Utilities,Savings Account,Deposit
11/09/2024,Movies,-833,Rent,Checking Account,Withdrawal
12/09/2024,Doctor Visit,616,Salary,Credit Card,Deposit
13/09/2024,Stock Investment,-938,Shopping,Checking Account,Withdrawal
14/09/2024,Grocery Shopping,156,Transportation,Checking Account,Deposit
15/09/2024,Monthly Rent,3161,Transportation,Credit Card,Deposit
16/09/2024,Bus Fare,3305,Entertainment,Checking Account,Deposit
17/09/2024,Monthly Rent,982,Utilities,Checking Account,Deposit
18/09/2024,Clothing Purchase,1294,Rent,Savings Account,Deposit
19/09/2024,Clothing Purchase,2729,Investment,Checking Account,Deposit
20/09/2024,Clothing Purchase,-844,Transportation,Savings Account,Withdrawal
21/09/2024,Stock Investment,3334,Rent,Credit Card,Deposit
22/09/2024,Movies,-1268,Salary,Credit Card,Withdrawal
23/09/2024,Bus Fare,2330,Utilities,Savings Account,Deposit
24/09/2024,Bus Fare,2846,Food,Credit Card,Deposit
25/09/2024,Clothing Purchase,-1047,Rent,Checking Account,Withdrawal
26/09/2024,Doctor Visit,539,Salary,Checking Account,Deposit
27/09/2024,Stock Investment,1324,Investment,Checking Account,Deposit
28/09/2024,Clothing Purchase,1301,Shopping,Credit Card,Deposit
29/09/2024,Grocery Shopping,-458,Food,Checking Account,Withdrawal
30/09/2024,Movies,3293,Shopping,Credit Card,Deposit
01/10/2024,Electricity Bill,3772,Investment,Checking Account,Deposit
02/10/2024,Grocery Shopping,-809,Salary,Savings Account,Withdrawal
03/10/2024,Doctor Visit,3512,Transportation,Credit Card,Deposit
04/10/2024,Monthly Rent,993,Shopping,Credit Card,Deposit
05/10/2024,Monthly Rent,681,Food,Checking Account,Deposit
06/10/2024,Grocery Shopping,-783,Entertainment,Credit Card,Withdrawal
07/10/2024,Clothing Purchase,-460,Healthcare,Credit Card,Withdrawal
08/10/2024,Electricity Bill,1236,Rent,Savings Account,Deposit
09/10/2024,Salary Payment,3541,Transportation,Savings Account,Deposit
10/10/2024,Salary Payment,386,Shopping,Checking Account,Deposit
11/10/2024,Doctor Visit,1719,Rent,Savings Account,Deposit
12/10/2024,Clothing Purchase,3615,Entertainment,Checking Account,Deposit
13/10/2024,Bus Fare,-612,Investment,Checking Account,Withdrawal
14/10/2024,Bus Fare,-144,Healthcare,Checking Account,Withdrawal
15/10/2024,Movies,-635,Salary,Credit Card,Withdrawal
16/10/2024,Electricity Bill,-1501,Entertainment,Savings Account,Withdrawal
17/10/2024,Electricity Bill,-320,Entertainment,Checking Account,Withdrawal
18/10/2024,Monthly Rent,-1490,Investment,Savings Account,Withdrawal
19/10/2024,Stock Investment,2312,Utilities,Checking Account,Deposit
20/10/2024,Doctor Visit,-676,Investment,Savings Account,Withdrawal
21/10/2024,Salary Payment,-845,Utilities,Savings Account,Withdrawal
22/10/2024,Doctor Visit,-173,Utilities,Checking Account,Withdrawal
23/10/2024,Bus Fare,1141,Transportation,Credit Card,Deposit
24/10/2024,Bus Fare,1486,Transportation,Savings Account,Deposit
25/10/2024,Grocery Shopping,-190,Food,Credit Card,Withdrawal
26/10/2024,Movies,923,Shopping,Credit Card,Deposit
27/10/2024,Electricity Bill,3301,Shopping,Checking Account,Deposit
28/10/2024,Doctor Visit,214,Salary,Checking Account,Deposit
29/10/2024,Bus Fare,2186,Shopping,Checking Account,Deposit
30/10/2024,Stock Investment,-1287,Transportation,Savings Account,Withdrawal
31/10/2024,Monthly Rent,3977,Food,Checking Account,Deposit
01/11/2024,Salary Payment,1602,Food,Checking Account,Deposit
02/11/2024,Movies,2134,Utilities,Savings Account,Deposit
03/11/2024,Stock Investment,1522,Investment,Savings Account,Deposit
04/11/2024,Movies,2268,Salary,Checking Account,Deposit
05/11/2024,Grocery Shopping,2748,Utilities,Checking Account,Deposit
06/11/2024,Bus Fare,2849,Investment,Checking Account,Deposit
07/11/2024,Monthly Rent,-757,Shopping,Checking Account,Withdrawal
08/11/2024,Stock Investment,1709,Utilities,Credit Card,Deposit
09/11/2024,Movies,-919,Rent,Credit Card,Withdrawal
10/11/2024,Electricity Bill,3779,Shopping,Checking Account,Deposit
11/11/2024,Grocery Shopping,-1545,Investment,Credit Card,Withdrawal
12/11/2024,Electricity Bill,2924,Salary,Savings Account,Deposit
13/11/2024,Monthly Rent,-1106,Investment,Credit Card,Withdrawal
14/11/2024,Stock Investment,-616,Utilities,Credit Card,Withdrawal
15/11/2024,Grocery Shopping,-42,Utilities,Checking Account,Withdrawal
16/11/2024,Stock Investment,1072,Entertainment,Credit Card,Deposit
17/11/2024,Bus Fare,-4,Salary,Credit Card,Withdrawal
18/11/2024,Clothing Purchase,2285,Shopping,Credit Card,Deposit
19/11/2024,Grocery Shopping,-1496,Food,Credit Card,Withdrawal
20/11/2024,Electricity Bill,-786,Salary,Savings Account,Withdrawal
21/11/2024,Monthly Rent,-469,Food,Checking Account,Withdrawal
22/11/2024,Bus Fare,1440,Salary,Checking Account,Deposit
23/11/2024,Clothing Purchase,-1177,Salary,Savings Account,Withdrawal
24/11/2024,Salary Payment,-1072,Investment,Credit Card,Withdrawal
25/11/2024,Bus Fare,3029,Salary,Savings Account,Deposit
26/11/2024,Monthly Rent,3236,Entertainment,Credit Card,Deposit
27/11/2024,Movies,-1867,Utilities,Savings Account,Withdrawal
28/11/2024,Grocery Shopping,105,Healthcare,Checking Account,Deposit
29/11/2024,Stock Investment,1627,Food,Checking Account,Deposit
30/11/2024,Monthly Rent,2780,Utilities,Checking Account,Deposit
01/12/2024,Grocery Shopping,-148,Healthcare,Credit Card,Withdrawal
02/12/2024,Stock Investment,2910,Food,Credit Card,Deposit
03/12/2024,Doctor Visit,3268,Food,Savings Account,Deposit
04/12/2024,Electricity Bill,2175,Healthcare,Savings Account,Deposit
05/12/2024,Salary Payment,933,Salary,Checking Account,Deposit
06/12/2024,Bus Fare,1284,Shopping,Credit Card,Deposit
07/12/2024,Monthly Rent,2298,Rent,Savings Account,Deposit
08/12/2024,Salary Payment,811,Utilities,Credit Card,Deposit
09/12/2024,Movies,3348,Investment,Credit Card,Deposit
10/12/2024,Grocery Shopping,3795,Utilities,Checking Account,Deposit
11/12/2024,Grocery Shopping,-750,Investment,Checking Account,Withdrawal
12/12/2024,Monthly Rent,3778,Healthcare,Credit Card,Deposit
13/12/2024,Clothing Purchase,3651,Investment,Credit Card,Deposit
14/12/2024,Clothing Purchase,1512,Food,Credit Card,Deposit
15/12/2024,Doctor Visit,-744,Shopping,Credit Card,Withdrawal
16/12/2024,Electricity Bill,1376,Shopping,Checking Account,Deposit
17/12/2024,Stock Investment,3645,Food,Savings Account,Deposit
18/12/2024,Movies,3262,Entertainment,Checking Account,Deposit
19/12/2024,Salary Payment,1486,Healthcare,Savings Account,Deposit
20/12/2024,Clothing Purchase,1584,Entertainment,Credit Card,Deposit
21/12/2024,Doctor Visit,-604,Entertainment,Savings Account,Withdrawal
22/12/2024,Doctor Visit,1637,Utilities,Checking Account,Deposit
23/12/2024,Monthly Rent,1330,Utilities,Checking Account,Deposit
24/12/2024,Movies,703,Rent,Credit Card,Deposit
25/12/2024,Stock Investment,-1530,Investment,Checking Account,Withdrawal
26/12/2024,Electricity Bill,3131,Food,Credit Card,Deposit
27/12/2024,Bus Fare,-647,Utilities,Checking Account,Withdrawal
28/12/2024,Monthly Rent,783,Healthcare,Checking Account,Deposit
29/12/2024,Stock Investment,831,Investment,Credit Card,Deposit
30/12/2024,Bus Fare,3063,Rent,Savings Account,Deposit
31/12/2024,Bus Fare,-1643,Rent,Checking Account,Withdrawal
01/01/2025,Movies,1019,Healthcare,Savings Account,Deposit
02/01/2025,Movies,-1333,Entertainment,Checking Account,Withdrawal
03/01/2025,Salary Payment,2468,Shopping,Checking Account,Deposit
04/01/2025,Doctor Visit,3127,Healthcare,Checking Account,Deposit
05/01/2025,Stock Investment,-855,Transportation,Checking Account,Withdrawal
06/01/2025,Monthly Rent,3467,Healthcare,Savings Account,Deposit
07/01/2025,Grocery Shopping,2185,Rent,Savings Account,Deposit
08/01/2025,Monthly Rent,1719,Food,Checking Account,Deposit
09/01/2025,Salary Payment,745,Utilities,Checking Account,Deposit
10/01/2025,Electricity Bill,-1461,Food,Savings Account,Withdrawal
11/01/2025,Doctor Visit,779,Rent,Credit Card,Deposit
12/01/2025,Grocery Shopping,2964,Utilities,Credit Card,Deposit
13/01/2025,Clothing Purchase,2136,Transportation,Savings Account,Deposit
14/01/2025,Electricity Bill,2835,Shopping,Checking Account,Deposit
15/01/2025,Movies,1775,Investment,Checking Account,Deposit
16/01/2025,Bus Fare,3320,Rent,Credit Card,Deposit
17/01/2025,Clothing Purchase,3024,Rent,Credit Card,Deposit
18/01/2025,Monthly Rent,508,Rent,Savings Account,Deposit
19/01/2025,Monthly Rent,779,Utilities,Credit Card,Deposit
20/01/2025,Movies,-1076,Salary,Savings Account,Withdrawal
21/01/2025,Salary Payment,956,Healthcare,Credit Card,Deposit
22/01/2025,Stock Investment,-419,Salary,Credit Card,Withdrawal
23/01/2025,Clothing Purchase,1324,Transportation,Credit Card,Deposit
24/01/2025,Clothing Purchase,2485,Shopping,Checking Account,Deposit
25/01/2025,Electricity Bill,3713,Entertainment,Checking Account,Deposit
26/01/2025,Doctor Visit,-1745,Transportation,Checking Account,Withdrawal
27/01/2025,Electricity Bill,2804,Entertainment,Credit Card,Deposit
28/01/2025,Stock Investment,-162,Entertainment,Savings Account,Withdrawal
29/01/2025,Monthly Rent,-56,Shopping,Savings Account,Withdrawal
30/01/2025,Monthly Rent,-1991,Food,Savings Account,Withdrawal
31/01/2025,Monthly Rent,871,Salary,Savings Account,Deposit
01/02/2025,Monthly Rent,-1203,Rent,Checking Account,Withdrawal
02/02/2025,Stock Investment,2972,Investment,Checking Account,Deposit
03/02/2025,Movies,3124,Entertainment,Credit Card,Deposit
04/02/2025,Doctor Visit,-985,Transportation,Credit Card,Withdrawal
05/02/2025,Stock Investment,-176,Food,Savings Account,Withdrawal
06/02/2025,Doctor Visit,2469,Entertainment,Checking Account,Deposit
07/02/2025,Stock Investment,1136,Food,Savings Account,Deposit
08/02/2025,Monthly Rent,193,Food,Credit Card,Deposit
09/02/2025,Movies,-1777,Entertainment,Credit Card,Withdrawal
10/02/2025,Clothing Purchase,3358,Utilities,Savings Account,Deposit
11/02/2025,Electricity Bill,3898,Healthcare,Credit Card,Deposit
12/02/2025,Bus Fare,2948,Rent,Savings Account,Deposit
13/02/2025,Movies,2158,Rent,Checking Account,Deposit
14/02/2025,Clothing Purchase,3336,Utilities,Savings Account,Deposit
15/02/2025,Salary Payment,1925,Rent,Checking Account,Deposit
16/02/2025,Stock Investment,2784,Food,Checking Account,Deposit
17/02/2025,Salary Payment,3580,Shopping,Credit Card,Deposit
18/02/2025,Clothing Purchase,2000,Transportation,Credit Card,Deposit
19/02/2025,Movies,-367,Salary,Credit Card,Withdrawal
20/02/2025,Stock Investment,152,Rent,Savings Account,Deposit
21/02/2025,Bus Fare,-1490,Shopping,Savings Account,Withdrawal
22/02/2025,Monthly Rent,-1616,Entertainment,Credit Card,Withdrawal
23/02/2025,Stock Investment,-1596,Healthcare,Savings Account,Withdrawal
24/02/2025,Stock Investment,2613,Food,Credit Card,Deposit
25/02/2025,Movies,2571,Healthcare,Savings Account,Deposit
26/02/2025,Movies,0,Transportation,Checking Account,Withdrawal
27/02/2025,Clothing Purchase,756,Transportation,Checking Account,Deposit
28/02/2025,Grocery Shopping,-332,Utilities,Credit Card,Withdrawal
01/03/2025,Stock Investment,3989,Investment,Savings Account,Deposit
02/03/2025,Electricity Bill,-540,Utilities,Savings Account,Withdrawal
03/03/2025,Stock Investment,1636,Shopping,Checking Account,Deposit
04/03/2025,Clothing Purchase,724,Healthcare,Checking Account,Deposit
05/03/2025,Doctor Visit,2809,Investment,Credit Card,Deposit
06/03/2025,Salary Payment,2178,Entertainment,Checking Account,Deposit
07/03/2025,Monthly Rent,3264,Food,Credit Card,Deposit
08/03/2025,Grocery Shopping,3997,Healthcare,Checking Account,Deposit
09/03/2025,Bus Fare,48,Utilities,Checking Account,Deposit
10/03/2025,Bus Fare,2146,Salary,Savings Account,Deposit
11/03/2025,Bus Fare,2780,Investment,Checking Account,Deposit
12/03/2025,Movies,-1284,Investment,Checking Account,Withdrawal
13/03/2025,Bus Fare,3565,Food,Credit Card,Deposit
14/03/2025,Monthly Rent,2544,Rent,Checking Account,Deposit
15/03/2025,Salary Payment,2976,Transportation,Credit Card,Deposit
16/03/2025,Bus Fare,2583,Transportation,Checking Account,Deposit
17/03/2025,Stock Investment,-177,Salary,Checking Account,Withdrawal
18/03/2025,Stock Investment,81,Shopping,Credit Card,Deposit
19/03/2025,Movies,1419,Shopping,Savings Account,Deposit
20/03/2025,Monthly Rent,-426,Entertainment,Credit Card,Withdrawal
21/03/2025,Salary Payment,-1751,Healthcare,Credit Card,Withdrawal
22/03/2025,Grocery Shopping,-1327,Rent,Credit Card,Withdrawal
23/03/2025,Clothing Purchase,2533,Utilities,Savings Account,Deposit
24/03/2025,Salary Payment,165,Investment,Checking Account,Deposit
25/03/2025,Clothing Purchase,-1230,Salary,Credit Card,Withdrawal
26/03/2025,Doctor Visit,1962,Transportation,Credit Card,Deposit
27/03/2025,Clothing Purchase,2363,Entertainment,Savings Account,Deposit
28/03/2025,Electricity Bill,-16,Shopping,Credit Card,Withdrawal
29/03/2025,Stock Investment,-923,Salary,Checking Account,Withdrawal
30/03/2025,Monthly Rent,-1765,Investment,Savings Account,Withdrawal
31/03/2025,Movies,-1612,Utilities,Checking Account,Withdrawal
01/04/2025,Electricity Bill,1037,Entertainment,Checking Account,Deposit
02/04/2025,Clothing Purchase,2858,Investment,Savings Account,Deposit
03/04/2025,Bus Fare,-152,Transportation,Credit Card,Withdrawal
04/04/2025,Monthly Rent,2719,Transportation,Checking Account,Deposit
05/04/2025,Electricity Bill,814,Transportation,Checking Account,Deposit
06/04/2025,Movies,1374,Salary,Checking Account,Deposit
07/04/2025,Stock Investment,1278,Salary,Checking Account,Deposit
08/04/2025,Monthly Rent,-748,Shopping,Savings Account,Withdrawal
09/04/2025,Movies,1981,Shopping,Savings Account,Deposit
10/04/2025,Doctor Visit,2673,Utilities,Checking Account,Deposit
11/04/2025,Doctor Visit,122,Entertainment,Credit Card,Deposit
12/04/2025,Movies,2530,Food,Checking Account,Deposit
13/04/2025,Electricity Bill,150,Food,Credit Card,Deposit
14/04/2025,Monthly Rent,2859,Investment,Checking Account,Deposit
15/04/2025,Electricity Bill,-671,Transportation,Credit Card,Withdrawal
16/04/2025,Grocery Shopping,-642,Entertainment,Checking Account,Withdrawal
17/04/2025,Clothing Purchase,482,Salary,Credit Card,Deposit
18/04/2025,Grocery Shopping,2542,Healthcare,Checking Account,Deposit
19/04/2025,Doctor Visit,17,Rent,Checking Account,Deposit
20/04/2025,Stock Investment,-669,Utilities,Credit Card,Withdrawal
21/04/2025,Salary Payment,2344,Transportation,Savings Account,Deposit
22/04/2025,Clothing Purchase,2261,Transportation,Credit Card,Deposit
23/04/2025,Doctor Visit,-642,Transportation,Savings Account,Withdrawal
24/04/2025,Electricity Bill,3115,Salary,Checking Account,Deposit
25/04/2025,Electricity Bill,2637,Salary,Credit Card,Deposit
26/04/2025,Electricity Bill,2854,Rent,Credit Card,Deposit
27/04/2025,Stock Investment,1177,Entertainment,Credit Card,Deposit
28/04/2025,Grocery Shopping,128,Transportation,Savings Account,Deposit
29/04/2025,Salary Payment,180,Food,Savings Account,Deposit
30/04/2025,Electricity Bill,2892,Shopping,Checking Account,Deposit
01/05/2025,Clothing Purchase,-1863,Food,Savings Account,Withdrawal
02/05/2025,Monthly Rent,1472,Investment,Savings Account,Deposit
03/05/2025,Salary Payment,3449,Food,Checking Account,Deposit
04/05/2025,Stock Investment,832,Investment,Credit Card,Deposit
05/05/2025,Salary Payment,1579,Healthcare,Credit Card,Deposit
06/05/2025,Monthly Rent,3971,Shopping,Checking Account,Deposit
07/05/2025,Clothing Purchase,1031,Food,Credit Card,Deposit
08/05/2025,Monthly Rent,2164,Healthcare,Savings Account,Deposit
09/05/2025,Movies,593,Utilities,Checking Account,Deposit
10/05/2025,Clothing Purchase,3569,Entertainment,Checking Account,Deposit
11/05/2025,Salary Payment,2300,Healthcare,Checking Account,Deposit
12/05/2025,Electricity Bill,1818,Entertainment,Credit Card,Deposit
13/05/2025,Salary Payment,2138,Food,Checking Account,Deposit
14/05/2025,Salary Payment,1823,Healthcare,Checking Account,Deposit
15/05/2025,Clothing Purchase,2042,Shopping,Checking Account,Deposit
16/05/2025,Movies,-94,Food,Credit Card,Withdrawal
17/05/2025,Salary Payment,-1240,Transportation,Savings Account,Withdrawal
18/05/2025,Doctor Visit,1445,Salary,Checking Account,Deposit
19/05/2025,Bus Fare,-1101,Healthcare,Savings Account,Withdrawal
20/05/2025,Bus Fare,2455,Shopping,Credit Card,Deposit
21/05/2025,Salary Payment,947,Utilities,Credit Card,Deposit
22/05/2025,Electricity Bill,-281,Transportation,Credit Card,Withdrawal
23/05/2025,Stock Investment,-1720,Utilities,Credit Card,Withdrawal
24/05/2025,Stock Investment,1266,Food,Savings Account,Deposit
25/05/2025,Clothing Purchase,-113,Salary,Checking Account,Withdrawal
26/05/2025,Bus Fare,1266,Healthcare,Credit Card,Deposit
27/05/2025,Salary Payment,-1334,Healthcare,Credit Card,Withdrawal
28/05/2025,Stock Investment,2188,Food,Savings Account,Deposit
29/05/2025,Salary Payment,-1329,Food,Savings Account,Withdrawal
30/05/2025,Clothing Purchase,-31,Salary,Credit Card,Withdrawal
31/05/2025,Bus Fare,2156,Shopping,Checking Account,Deposit
01/06/2025,Monthly Rent,1122,Shopping,Checking Account,Deposit
02/06/2025,Doctor Visit,3124,Salary,Credit Card,Deposit
03/06/2025,Doctor Visit,3585,Shopping,Savings Account,Deposit
04/06/2025,Stock Investment,2699,Investment,Credit Card,Deposit
05/06/2025,Doctor Visit,2777,Entertainment,Credit Card,Deposit
06/06/2025,Monthly Rent,1900,Salary,Savings Account,Deposit
07/06/2025,Salary Payment,3524,Salary,Credit Card,Deposit
08/06/2025,Clothing Purchase,-1477,Rent,Credit Card,Withdrawal
09/06/2025,Monthly Rent,393,Transportation,Credit Card,Deposit
10/06/2025,Clothing Purchase,1117,Transportation,Savings Account,Deposit
11/06/2025,Clothing Purchase,593,Investment,Checking Account,Deposit
12/06/2025,Bus Fare,-32,Food,Checking Account,Withdrawal
13/06/2025,Salary Payment,3197,Food,Savings Account,Deposit
14/06/2025,Doctor Visit,-247,Utilities,Checking Account,Withdrawal
15/06/2025,Bus Fare,3932,Investment,Credit Card,Deposit
16/06/2025,Clothing Purchase,296,Salary,Checking Account,Deposit
17/06/2025,Stock Investment,3240,Investment,Credit Card,Deposit
18/06/2025,Doctor Visit,261,Investment,Checking Account,Deposit
19/06/2025,Doctor Visit,286,Investment,Savings Account,Deposit
20/06/2025,Salary Payment,3175,Transportation,Checking Account,Deposit
21/06/2025,Movies,2202,Investment,Checking Account,Deposit
22/06/2025,Grocery Shopping,878,Entertainment,Checking Account,Deposit
23/06/2025,Grocery Shopping,2143,Food,Savings Account,Deposit
24/06/2025,Grocery Shopping,1644,Utilities,Checking Account,Deposit
25/06/2025,Movies,2432,Entertainment,Savings Account,Deposit
26/06/2025,Salary Payment,3145,Utilities,Credit Card,Deposit
27/06/2025,Movies,3376,Rent,Checking Account,Deposit
28/06/2025,Grocery Shopping,55,Utilities,Savings Account,Deposit
29/06/2025,Bus Fare,2720,Food,Savings Account,Deposit
30/06/2025,Monthly Rent,3986,Food,Checking Account,Deposit
01/07/2025,Clothing Purchase,-724,Investment,Credit Card,Withdrawal
02/07/2025,Movies,3811,Healthcare,Savings Account,Deposit
03/07/2025,Salary Payment,766,Rent,Checking Account,Deposit
04/07/2025,Salary Payment,-1698,Salary,Credit Card,Withdrawal
05/07/2025,Monthly Rent,-1362,Shopping,Savings Account,Withdrawal
06/07/2025,Stock Investment,-1945,Utilities,Savings Account,Withdrawal
07/07/2025,Doctor Visit,2821,Healthcare,Credit Card,Deposit
08/07/2025,Grocery Shopping,-1475,Investment,Credit Card,Withdrawal
09/07/2025,Stock Investment,2569,Transportation,Checking Account,Deposit
10/07/2025,Grocery Shopping,2123,Salary,Checking Account,Deposit
11/07/2025,Monthly Rent,125,Healthcare,Savings Account,Deposit
12/07/2025,Grocery Shopping,1287,Transportation,Credit Card,Deposit
13/07/2025,Monthly Rent,-1636,Rent,Credit Card,Withdrawal
14/07/2025,Electricity Bill,2621,Investment,Credit Card,Deposit
15/07/2025,Stock Investment,3431,Salary,Savings Account,Deposit
16/07/2025,Stock Investment,2978,Salary,Credit Card,Deposit
17/07/2025,Doctor Visit,3126,Salary,Credit Card,Deposit
18/07/2025,Monthly Rent,3122,Rent,Savings Account,Deposit
19/07/2025,Movies,-354,Utilities,Checking Account,Withdrawal
20/07/2025,Electricity Bill,-1082,Rent,Checking Account,Withdrawal
21/07/2025,Bus Fare,797,Shopping,Savings Account,Deposit
22/07/2025,Grocery Shopping,3870,Food,Credit Card,Deposit
23/07/2025,Electricity Bill,-469,Investment,Savings Account,Withdrawal
24/07/2025,Monthly Rent,1345,Rent,Checking Account,Deposit
25/07/2025,Clothing Purchase,-94,Transportation,Checking Account,Withdrawal
26/07/2025,Grocery Shopping,1086,Shopping,Savings Account,Deposit
27/07/2025,Salary Payment,3311,Food,Savings Account,Deposit
28/07/2025,Stock Investment,3750,Utilities,Checking Account,Deposit
29/07/2025,Monthly Rent,2580,Transportation,Savings Account,Deposit
30/07/2025,Salary Payment,75,Investment,Checking Account,Deposit
31/07/2025,Doctor Visit,-1287,Transportation,Savings Account,Withdrawal
01/08/2025,Bus Fare,-938,Food,Savings Account,Withdrawal
02/08/2025,Bus Fare,-24,Transportation,Savings Account,Withdrawal
03/08/2025,Salary Payment,-704,Entertainment,Checking Account,Withdrawal
04/08/2025,Stock Investment,3350,Healthcare,Savings Account,Deposit
05/08/2025,Doctor Visit,-1875,Utilities,Checking Account,Withdrawal
06/08/2025,Clothing Purchase,2632,Food,Checking Account,Deposit
07/08/2025,Stock Investment,1596,Transportation,Savings Account,Deposit
08/08/2025,Electricity Bill,1283,Healthcare,Savings Account,Deposit
09/08/2025,Bus Fare,-397,Healthcare,Checking Account,Withdrawal
10/08/2025,Electricity Bill,-1934,Transportation,Checking Account,Withdrawal
11/08/2025,Grocery Shopping,-1768,Investment,Credit Card,Withdrawal
12/08/2025,Movies,156,Entertainment,Checking Account,Deposit
13/08/2025,Monthly Rent,-831,Rent,Credit Card,Withdrawal
14/08/2025,Doctor Visit,158,Entertainment,Credit Card,Deposit
15/08/2025,Stock Investment,2206,Transportation,Credit Card,Deposit
16/08/2025,Bus Fare,-507,Utilities,Savings Account,Withdrawal
17/08/2025,Electricity Bill,2718,Rent,Savings Account,Deposit
18/08/2025,Grocery Shopping,2007,Food,Checking Account,Deposit
19/08/2025,Monthly Rent,472,Entertainment,Credit Card,Deposit
20/08/2025,Monthly Rent,660,Transportation,Savings Account,Deposit
21/08/2025,Stock Investment,3637,Entertainment,Savings Account,Deposit
22/08/2025,Doctor Visit,739,Rent,Savings Account,Deposit
23/08/2025,Clothing Purchase,3401,Shopping,Savings Account,Deposit
24/08/2025,Stock Investment,-239,Entertainment,Savings Account,Withdrawal
25/08/2025,Electricity Bill,1514,Food,Credit Card,Deposit
26/08/2025,Movies,-25,Food,Credit Card,Withdrawal
27/08/2025,Salary Payment,362,Salary,Credit Card,Deposit
28/08/2025,Clothing Purchase,-1124,Entertainment,Credit Card,Withdrawal
29/08/2025,Doctor Visit,1812,Investment,Checking Account,Deposit
30/08/2025,Grocery Shopping,1448,Healthcare,Credit Card,Deposit
31/08/2025,Clothing Purchase,-688,Healthcare,Savings Account,Withdrawal
01/09/2025,Bus Fare,-540,Healthcare,Credit Card,Withdrawal
02/09/2025,Doctor Visit,709,Shopping,Checking Account,Deposit
03/09/2025,Movies,324,Salary,Savings Account,Deposit
04/09/2025,Bus Fare,-267,Shopping,Credit Card,Withdrawal
05/09/2025,Clothing Purchase,-395,Entertainment,Credit Card,Withdrawal
06/09/2025,Salary Payment,3622,Entertainment,Credit Card,Deposit
07/09/2025,Salary Payment,563,Entertainment,Savings Account,Deposit
08/09/2025,Movies,1421,Utilities,Savings Account,Deposit
09/09/2025,Monthly Rent,1517,Healthcare,Checking Account,Deposit
10/09/2025,Grocery Shopping,397,Utilities,Savings Account,Deposit
11/09/2025,Monthly Rent,3726,Salary,Savings Account,Deposit
12/09/2025,Salary Payment,1735,Shopping,Credit Card,Deposit
13/09/2025,Salary Payment,870,Healthcare,Savings Account,Deposit
14/09/2025,Electricity Bill,-840,Utilities,Credit Card,Withdrawal
15/09/2025,Bus Fare,2854,Utilities,Credit Card,Deposit
16/09/2025,Clothing Purchase,-1758,Transportation,Savings Account,Withdrawal
17/09/2025,Grocery Shopping,590,Utilities,Checking Account,Deposit
18/09/2025,Movies,-937,Investment,Checking Account,Withdrawal
19/09/2025,Clothing Purchase,2324,Investment,Savings Account,Deposit
20/09/2025,Electricity Bill,595,Shopping,Checking Account,Deposit
21/09/2025,Salary Payment,-1081,Investment,Credit Card,Withdrawal
22/09/2025,Movies,3342,Shopping,Credit Card,Deposit
23/09/2025,Salary Payment,-1995,Shopping,Savings Account,Withdrawal
24/09/2025,Grocery Shopping,-1533,Salary,Checking Account,Withdrawal
25/09/2025,Bus Fare,3851,Transportation,Checking Account,Deposit
26/09/2025,Clothing Purchase,2170,Entertainment,Credit Card,Deposit
